PRAGMA foreign_keys=OFF;
BEGIN TRANSACTION;
CREATE TABLE IF NOT EXISTS "django_migrations" ("id" integer NOT NULL PRIMARY KEY AUTOINCREMENT, "app" varchar(255) NOT NULL, "name" varchar(255) NOT NULL, "applied" datetime NOT NULL);
INSERT INTO django_migrations VALUES(1,'contenttypes','0001_initial','2025-02-12 19:55:43.597557');
INSERT INTO django_migrations VALUES(2,'auth','0001_initial','2025-02-12 19:55:43.602331');
INSERT INTO django_migrations VALUES(3,'admin','0001_initial','2025-02-12 19:55:43.605447');
INSERT INTO django_migrations VALUES(4,'admin','0002_logentry_remove_auto_add','2025-02-12 19:55:43.609576');
INSERT INTO django_migrations VALUES(5,'admin','0003_logentry_add_action_flag_choices','2025-02-12 19:55:43.612309');
INSERT INTO django_migrations VALUES(6,'app','0001_initial','2025-02-12 19:55:43.613701');
INSERT INTO django_migrations VALUES(7,'app','0002_character','2025-02-12 19:55:43.614580');
INSERT INTO django_migrations VALUES(8,'app','0003_auto_20250212_1922','2025-02-12 19:55:43.618613');
INSERT INTO django_migrations VALUES(9,'contenttypes','0002_remove_content_type_name','2025-02-12 19:55:43.625083');
INSERT INTO django_migrations VALUES(10,'auth','0002_alter_permission_name_max_length','2025-02-12 19:55:43.629071');
INSERT INTO django_migrations VALUES(11,'auth','0003_alter_user_email_max_length','2025-02-12 19:55:43.633097');
INSERT INTO django_migrations VALUES(12,'auth','0004_alter_user_username_opts','2025-02-12 19:55:43.635649');
INSERT INTO django_migrations VALUES(13,'auth','0005_alter_user_last_login_null','2025-02-12 19:55:43.638918');
INSERT INTO django_migrations VALUES(14,'auth','0006_require_contenttypes_0002','2025-02-12 19:55:43.639430');
INSERT INTO django_migrations VALUES(15,'auth','0007_alter_validators_add_error_messages','2025-02-12 19:55:43.642074');
INSERT INTO django_migrations VALUES(16,'auth','0008_alter_user_username_max_length','2025-02-12 19:55:43.646771');
INSERT INTO django_migrations VALUES(17,'auth','0009_alter_user_last_name_max_length','2025-02-12 19:55:43.650495');
INSERT INTO django_migrations VALUES(18,'auth','0010_alter_group_name_max_length','2025-02-12 19:55:43.654007');
INSERT INTO django_migrations VALUES(19,'auth','0011_update_proxy_permissions','2025-02-12 19:55:43.656781');
INSERT INTO django_migrations VALUES(20,'auth','0012_alter_user_first_name_max_length','2025-02-12 19:55:43.660159');
INSERT INTO django_migrations VALUES(21,'sessions','0001_initial','2025-02-12 19:55:43.661558');
INSERT INTO django_migrations VALUES(22,'app','0004_auto_20250212_1957','2025-02-12 19:57:18.782222');
INSERT INTO django_migrations VALUES(23,'app','0004_character_attack_points_character_life_points','2025-02-13 10:38:27.184076');
INSERT INTO django_migrations VALUES(24,'app','0005_rename_attack_points_character_attacks_and_more','2025-02-13 10:44:37.213874');
CREATE TABLE IF NOT EXISTS "auth_group_permissions" ("id" integer NOT NULL PRIMARY KEY AUTOINCREMENT, "group_id" integer NOT NULL REFERENCES "auth_group" ("id") DEFERRABLE INITIALLY DEFERRED, "permission_id" integer NOT NULL REFERENCES "auth_permission" ("id") DEFERRABLE INITIALLY DEFERRED);
CREATE TABLE IF NOT EXISTS "auth_user_groups" ("id" integer NOT NULL PRIMARY KEY AUTOINCREMENT, "user_id" integer NOT NULL REFERENCES "auth_user" ("id") DEFERRABLE INITIALLY DEFERRED, "group_id" integer NOT NULL REFERENCES "auth_group" ("id") DEFERRABLE INITIALLY DEFERRED);
CREATE TABLE IF NOT EXISTS "auth_user_user_permissions" ("id" integer NOT NULL PRIMARY KEY AUTOINCREMENT, "user_id" integer NOT NULL REFERENCES "auth_user" ("id") DEFERRABLE INITIALLY DEFERRED, "permission_id" integer NOT NULL REFERENCES "auth_permission" ("id") DEFERRABLE INITIALLY DEFERRED);
CREATE TABLE IF NOT EXISTS "django_admin_log" ("id" integer NOT NULL PRIMARY KEY AUTOINCREMENT, "object_id" text NULL, "object_repr" varchar(200) NOT NULL, "action_flag" smallint unsigned NOT NULL CHECK ("action_flag" >= 0), "change_message" text NOT NULL, "content_type_id" integer NULL REFERENCES "django_content_type" ("id") DEFERRABLE INITIALLY DEFERRED, "user_id" integer NOT NULL REFERENCES "auth_user" ("id") DEFERRABLE INITIALLY DEFERRED, "action_time" datetime NOT NULL);
CREATE TABLE IF NOT EXISTS "app_battleoutcome" ("id" integer NOT NULL PRIMARY KEY AUTOINCREMENT, "player" varchar(100) NOT NULL, "opponent" varchar(100) NOT NULL, "outcome" varchar(100) NOT NULL, "timestamp" datetime NOT NULL);
INSERT INTO app_battleoutcome VALUES(1,'Aragorn','Saruman','Win','2025-02-12 19:58:03.902612');
INSERT INTO app_battleoutcome VALUES(2,'Legolas','Saruman','Win','2025-02-12 19:58:13.666440');
INSERT INTO app_battleoutcome VALUES(3,'Aragorn','Sauron','Win','2025-02-12 20:00:23.105498');
INSERT INTO app_battleoutcome VALUES(4,'Aragorn','Sauron','Win','2025-02-12 20:05:38.038356');
INSERT INTO app_battleoutcome VALUES(5,'Gimli','Nazgûl','Lose','2025-02-12 20:05:52.555403');
INSERT INTO app_battleoutcome VALUES(6,'Aragorn','Nazgûl','Lose','2025-02-12 20:05:58.869356');
INSERT INTO app_battleoutcome VALUES(7,'Gimli','Sauron','Win','2025-02-12 20:06:21.997664');
INSERT INTO app_battleoutcome VALUES(8,'Gimli','Lurtz','Lose','2025-02-12 20:07:15.035938');
INSERT INTO app_battleoutcome VALUES(9,'Legolas','Lurtz','Lose','2025-02-12 22:22:03.347422');
INSERT INTO app_battleoutcome VALUES(10,'Legolas','Nazgûl','Win','2025-02-12 22:25:44.661003');
INSERT INTO app_battleoutcome VALUES(11,'Legolas','Sauron','Win','2025-02-12 22:35:44.009545');
INSERT INTO app_battleoutcome VALUES(12,'Aragorn','Lurtz','Lose','2025-02-12 22:36:37.306774');
INSERT INTO app_battleoutcome VALUES(13,'Aragorn','Sauron','Win','2025-02-12 22:40:31.562823');
INSERT INTO app_battleoutcome VALUES(14,'Frodo','Gollum','Lose','2025-02-13 09:04:23.814129');
INSERT INTO app_battleoutcome VALUES(15,'Gimli','Gollum','Lose','2025-02-13 09:04:36.761512');
INSERT INTO app_battleoutcome VALUES(16,'Gimli','Gollum','Win','2025-02-13 09:04:46.784583');
INSERT INTO app_battleoutcome VALUES(17,'Frodo','Gollum','Lose','2025-02-13 09:05:23.939970');
INSERT INTO app_battleoutcome VALUES(18,'Frodo','Saruman','Lose','2025-02-13 09:05:31.866367');
INSERT INTO app_battleoutcome VALUES(19,'Gandalf','Gollum','Win','2025-02-13 09:05:41.089855');
INSERT INTO app_battleoutcome VALUES(20,'Gimli','Sauron','Lose','2025-02-13 09:10:00.121710');
INSERT INTO app_battleoutcome VALUES(21,'Legolas','Lurtz','Win','2025-02-13 09:10:10.731317');
INSERT INTO app_battleoutcome VALUES(22,'Aragorn','Nazgûl','Lose','2025-02-13 09:10:24.436819');
INSERT INTO app_battleoutcome VALUES(23,'Frodo','Saruman','Win','2025-02-13 09:26:59.088056');
INSERT INTO app_battleoutcome VALUES(24,'Frodo','Saruman','Win','2025-02-13 09:31:42.933810');
INSERT INTO app_battleoutcome VALUES(25,'Frodo','Saruman','Lose','2025-02-13 09:36:46.626425');
INSERT INTO app_battleoutcome VALUES(26,'Aragorn','Saruman','Win','2025-02-13 10:38:55.945069');
INSERT INTO app_battleoutcome VALUES(27,'Gandalf','Gollum','Win','2025-02-13 10:39:06.485201');
INSERT INTO app_battleoutcome VALUES(28,'Gimli','Sauron','Win','2025-02-13 10:44:14.049631');
INSERT INTO app_battleoutcome VALUES(29,'Gimli','Saruman','Win','2025-02-13 10:47:20.644127');
INSERT INTO app_battleoutcome VALUES(30,'Gimli','Saruman','Win','2025-02-13 10:58:46.691317');
INSERT INTO app_battleoutcome VALUES(31,'Gimli','Saruman','Win','2025-02-13 10:58:49.733687');
INSERT INTO app_battleoutcome VALUES(32,'Gimli','Sauron','Win','2025-02-13 11:42:27.130343');
INSERT INTO app_battleoutcome VALUES(33,'Gimli','Saruman','Win','2025-02-13 11:42:36.032087');
INSERT INTO app_battleoutcome VALUES(34,'Gimli','Lurtz','Win','2025-02-13 11:42:43.836199');
INSERT INTO app_battleoutcome VALUES(35,'Frodo','Lurtz','Win','2025-02-13 11:42:56.305636');
INSERT INTO app_battleoutcome VALUES(36,'Aragorn','Gollum','Player wins!','2025-02-13 13:41:04.701639');
INSERT INTO app_battleoutcome VALUES(37,'Legolas','Saruman','Player wins!','2025-02-13 13:45:58.111147');
INSERT INTO app_battleoutcome VALUES(38,'Frodo','Nazgûl','Player wins!','2025-02-13 13:50:41.735449');
INSERT INTO app_battleoutcome VALUES(39,'Legolas','Lurtz','Player wins!','2025-02-13 13:53:42.377945');
INSERT INTO app_battleoutcome VALUES(40,'Legolas','Lurtz','Player wins!','2025-02-13 18:20:45.125268');
INSERT INTO app_battleoutcome VALUES(41,'Gimli','Gollum','win','2025-02-13 19:05:35.378298');
INSERT INTO app_battleoutcome VALUES(42,'Gollum','Gimli','lose','2025-02-13 19:05:35.380186');
INSERT INTO app_battleoutcome VALUES(43,'Gimli','Gollum','win','2025-02-13 19:06:52.603495');
INSERT INTO app_battleoutcome VALUES(44,'Gollum','Gimli','lose','2025-02-13 19:06:52.606292');
INSERT INTO app_battleoutcome VALUES(45,'Frodo','Sauron','win','2025-02-13 19:07:04.760643');
INSERT INTO app_battleoutcome VALUES(46,'Sauron','Frodo','lose','2025-02-13 19:07:04.763749');
INSERT INTO app_battleoutcome VALUES(47,'Legolas','Nazgûl','win','2025-02-13 19:07:13.864469');
INSERT INTO app_battleoutcome VALUES(48,'Nazgûl','Legolas','lose','2025-02-13 19:07:13.866750');
INSERT INTO app_battleoutcome VALUES(49,'Legolas','Saruman','Win','2025-02-13 19:08:27.318298');
INSERT INTO app_battleoutcome VALUES(50,'Saruman','Legolas','Loss','2025-02-13 19:08:27.321806');
INSERT INTO app_battleoutcome VALUES(51,'Gimli','Nazgûl','Win','2025-02-13 19:08:39.595274');
INSERT INTO app_battleoutcome VALUES(52,'Nazgûl','Gimli','Loss','2025-02-13 19:08:39.597750');
INSERT INTO app_battleoutcome VALUES(53,'Gandalf','Sauron','Win','2025-02-13 19:09:31.129734');
INSERT INTO app_battleoutcome VALUES(54,'Sauron','Gandalf','Loss','2025-02-13 19:09:31.131780');
INSERT INTO app_battleoutcome VALUES(55,'Gimli','Nazgûl','Win','2025-02-13 19:10:28.461986');
INSERT INTO app_battleoutcome VALUES(56,'Nazgûl','Gimli','Loss','2025-02-13 19:10:28.464012');
INSERT INTO app_battleoutcome VALUES(57,'Legolas','Saruman','Win','2025-02-13 20:11:56.200833');
INSERT INTO app_battleoutcome VALUES(58,'Saruman','Legolas','Loss','2025-02-13 20:11:56.204557');
INSERT INTO app_battleoutcome VALUES(59,'Gimli','Lurtz','Win','2025-02-13 20:12:29.858038');
INSERT INTO app_battleoutcome VALUES(60,'Lurtz','Gimli','Loss','2025-02-13 20:12:29.860246');
INSERT INTO app_battleoutcome VALUES(61,'Aragorn','Sauron','Win','2025-02-13 20:14:54.314123');
INSERT INTO app_battleoutcome VALUES(62,'Sauron','Aragorn','Loss','2025-02-13 20:14:54.317336');
INSERT INTO app_battleoutcome VALUES(63,'Legolas','Gollum','Win','2025-02-13 20:16:31.837555');
INSERT INTO app_battleoutcome VALUES(64,'Gollum','Legolas','Loss','2025-02-13 20:16:31.838887');
INSERT INTO app_battleoutcome VALUES(65,'Gandalf','Nazgûl','Win','2025-02-13 20:16:44.558582');
INSERT INTO app_battleoutcome VALUES(66,'Nazgûl','Gandalf','Loss','2025-02-13 20:16:44.562275');
INSERT INTO app_battleoutcome VALUES(67,'Gandalf','Nazgûl','Win','2025-02-13 20:17:06.485080');
INSERT INTO app_battleoutcome VALUES(68,'Nazgûl','Gandalf','Loss','2025-02-13 20:17:06.487777');
INSERT INTO app_battleoutcome VALUES(69,'Legolas','Lurtz','Win','2025-02-13 20:20:12.969152');
INSERT INTO app_battleoutcome VALUES(70,'Lurtz','Legolas','Loss','2025-02-13 20:20:12.971547');
INSERT INTO app_battleoutcome VALUES(71,'Legolas','Saruman','Win','2025-02-13 20:20:31.265748');
INSERT INTO app_battleoutcome VALUES(72,'Saruman','Legolas','Loss','2025-02-13 20:20:31.267786');
INSERT INTO app_battleoutcome VALUES(73,'Legolas','Gollum','Win','2025-02-14 14:32:57.819619');
INSERT INTO app_battleoutcome VALUES(74,'Gollum','Legolas','Loss','2025-02-14 14:32:57.821459');
INSERT INTO app_battleoutcome VALUES(75,'Legolas','Gollum','Win','2025-02-14 14:34:09.703281');
INSERT INTO app_battleoutcome VALUES(76,'Gimli','Lurtz','Win','2025-02-14 14:34:32.318330');
INSERT INTO app_battleoutcome VALUES(77,'Legolas','Saruman','Win','2025-02-14 14:36:40.814362');
INSERT INTO app_battleoutcome VALUES(78,'Gimli','Saruman','Win','2025-02-14 14:36:55.125557');
INSERT INTO app_battleoutcome VALUES(79,'Legolas','Sauron','Win','2025-02-14 14:42:32.653115');
INSERT INTO app_battleoutcome VALUES(80,'Legolas','Lurtz','Win','2025-02-14 14:42:48.292592');
INSERT INTO app_battleoutcome VALUES(81,'Legolas','Sauron','lose','2025-02-14 14:44:53.937861');
INSERT INTO app_battleoutcome VALUES(82,'Gimli','Saruman','Loss','2025-02-14 14:45:42.158053');
INSERT INTO app_battleoutcome VALUES(83,'Legolas','Sauron','Loss','2025-02-14 14:45:55.126712');
INSERT INTO app_battleoutcome VALUES(84,'Gimli','Nazgûl','Win','2025-02-14 14:46:15.554476');
INSERT INTO app_battleoutcome VALUES(85,'Legolas','Saruman','Win','2025-02-14 14:51:08.768955');
INSERT INTO app_battleoutcome VALUES(86,'Legolas','Saruman','Win','2025-02-14 15:00:15.742640');
INSERT INTO app_battleoutcome VALUES(87,'Legolas','Sauron','Loss','2025-02-14 15:01:27.103079');
INSERT INTO app_battleoutcome VALUES(88,'Legolas','Sauron','Win','2025-02-14 15:06:12.727204');
INSERT INTO app_battleoutcome VALUES(89,'Legolas','Nazgûl','Loss','2025-02-14 15:13:04.869572');
INSERT INTO app_battleoutcome VALUES(90,'Gimli','Lurtz','Loss','2025-02-14 15:13:19.062993');
INSERT INTO app_battleoutcome VALUES(91,'Frodo','Lurtz','Loss','2025-02-14 16:33:19.021242');
INSERT INTO app_battleoutcome VALUES(92,'Gimli','Sauron','Loss','2025-02-14 16:34:03.502652');
INSERT INTO app_battleoutcome VALUES(93,'Frodo','Nazgûl','Loss','2025-02-14 16:34:29.913630');
INSERT INTO app_battleoutcome VALUES(94,'Legolas','Nazgûl','Loss','2025-02-14 16:36:22.953670');
INSERT INTO app_battleoutcome VALUES(95,'Aragorn','Nazgûl','Win','2025-02-16 10:33:07.187582');
INSERT INTO app_battleoutcome VALUES(96,'Frodo','Sauron','Win','2025-02-16 10:33:25.559345');
INSERT INTO app_battleoutcome VALUES(97,'Legolas','Nazgûl','Loss','2025-02-17 14:55:27.789502');
INSERT INTO app_battleoutcome VALUES(98,'Gimli','Sauron','Win','2025-02-17 15:02:42.416170');
INSERT INTO app_battleoutcome VALUES(99,'Legolas','Nazgûl','Loss','2025-02-17 15:13:39.571537');
INSERT INTO app_battleoutcome VALUES(100,'Gandalf','Gollum','Loss','2025-02-17 15:13:55.590225');
INSERT INTO app_battleoutcome VALUES(101,'Legolas','Nazgûl','Loss','2025-02-17 15:14:35.797479');
INSERT INTO app_battleoutcome VALUES(102,'Gimli','Sauron','Win','2025-02-17 15:15:11.880657');
INSERT INTO app_battleoutcome VALUES(103,'Gandalf','Nazgûl','Loss','2025-02-17 15:15:35.086186');
INSERT INTO app_battleoutcome VALUES(104,'Legolas','Saruman','Win','2025-02-17 15:15:49.539878');
INSERT INTO app_battleoutcome VALUES(105,'Legolas','Gollum','Loss','2025-02-17 15:19:01.462368');
INSERT INTO app_battleoutcome VALUES(106,'Frodo','Sauron','Win','2025-02-19 09:47:13.867181');
CREATE TABLE IF NOT EXISTS "django_content_type" ("id" integer NOT NULL PRIMARY KEY AUTOINCREMENT, "app_label" varchar(100) NOT NULL, "model" varchar(100) NOT NULL);
INSERT INTO django_content_type VALUES(1,'admin','logentry');
INSERT INTO django_content_type VALUES(2,'auth','permission');
INSERT INTO django_content_type VALUES(3,'auth','group');
INSERT INTO django_content_type VALUES(4,'auth','user');
INSERT INTO django_content_type VALUES(5,'contenttypes','contenttype');
INSERT INTO django_content_type VALUES(6,'sessions','session');
INSERT INTO django_content_type VALUES(7,'app','battleoutcome');
INSERT INTO django_content_type VALUES(8,'app','character');
CREATE TABLE IF NOT EXISTS "auth_permission" ("id" integer NOT NULL PRIMARY KEY AUTOINCREMENT, "content_type_id" integer NOT NULL REFERENCES "django_content_type" ("id") DEFERRABLE INITIALLY DEFERRED, "codename" varchar(100) NOT NULL, "name" varchar(255) NOT NULL);
INSERT INTO auth_permission VALUES(1,1,'add_logentry','Can add log entry');
INSERT INTO auth_permission VALUES(2,1,'change_logentry','Can change log entry');
INSERT INTO auth_permission VALUES(3,1,'delete_logentry','Can delete log entry');
INSERT INTO auth_permission VALUES(4,1,'view_logentry','Can view log entry');
INSERT INTO auth_permission VALUES(5,2,'add_permission','Can add permission');
INSERT INTO auth_permission VALUES(6,2,'change_permission','Can change permission');
INSERT INTO auth_permission VALUES(7,2,'delete_permission','Can delete permission');
INSERT INTO auth_permission VALUES(8,2,'view_permission','Can view permission');
INSERT INTO auth_permission VALUES(9,3,'add_group','Can add group');
INSERT INTO auth_permission VALUES(10,3,'change_group','Can change group');
INSERT INTO auth_permission VALUES(11,3,'delete_group','Can delete group');
INSERT INTO auth_permission VALUES(12,3,'view_group','Can view group');
INSERT INTO auth_permission VALUES(13,4,'add_user','Can add user');
INSERT INTO auth_permission VALUES(14,4,'change_user','Can change user');
INSERT INTO auth_permission VALUES(15,4,'delete_user','Can delete user');
INSERT INTO auth_permission VALUES(16,4,'view_user','Can view user');
INSERT INTO auth_permission VALUES(17,5,'add_contenttype','Can add content type');
INSERT INTO auth_permission VALUES(18,5,'change_contenttype','Can change content type');
INSERT INTO auth_permission VALUES(19,5,'delete_contenttype','Can delete content type');
INSERT INTO auth_permission VALUES(20,5,'view_contenttype','Can view content type');
INSERT INTO auth_permission VALUES(21,6,'add_session','Can add session');
INSERT INTO auth_permission VALUES(22,6,'change_session','Can change session');
INSERT INTO auth_permission VALUES(23,6,'delete_session','Can delete session');
INSERT INTO auth_permission VALUES(24,6,'view_session','Can view session');
INSERT INTO auth_permission VALUES(25,7,'add_battleoutcome','Can add battle outcome');
INSERT INTO auth_permission VALUES(26,7,'change_battleoutcome','Can change battle outcome');
INSERT INTO auth_permission VALUES(27,7,'delete_battleoutcome','Can delete battle outcome');
INSERT INTO auth_permission VALUES(28,7,'view_battleoutcome','Can view battle outcome');
INSERT INTO auth_permission VALUES(29,8,'add_character','Can add character');
INSERT INTO auth_permission VALUES(30,8,'change_character','Can change character');
INSERT INTO auth_permission VALUES(31,8,'delete_character','Can delete character');
INSERT INTO auth_permission VALUES(32,8,'view_character','Can view character');
CREATE TABLE IF NOT EXISTS "auth_group" ("id" integer NOT NULL PRIMARY KEY AUTOINCREMENT, "name" varchar(150) NOT NULL UNIQUE);
CREATE TABLE IF NOT EXISTS "auth_user" ("id" integer NOT NULL PRIMARY KEY AUTOINCREMENT, "password" varchar(128) NOT NULL, "last_login" datetime NULL, "is_superuser" bool NOT NULL, "username" varchar(150) NOT NULL UNIQUE, "last_name" varchar(150) NOT NULL, "email" varchar(254) NOT NULL, "is_staff" bool NOT NULL, "is_active" bool NOT NULL, "date_joined" datetime NOT NULL, "first_name" varchar(150) NOT NULL);
CREATE TABLE IF NOT EXISTS "django_session" ("session_key" varchar(40) NOT NULL PRIMARY KEY, "session_data" text NOT NULL, "expire_date" datetime NOT NULL);
INSERT INTO django_session VALUES('g8in2u8lg7knca7zv5sn6ns44ot3j1pb','.eJyrVipOzUlNLklNic9ILcpXslLySU3Pz0ksVtJRyi8oyM9LzSsBCZYWlVQBheCKkzMSixKBrKL4zBQlKyOEYjDfohYAdGwfOA:1tjESo:69AO4Nhl00POImjFxMEiQIUyijWoDufkQorcccoYYeU','2025-03-01 09:27:54.356873');
INSERT INTO django_session VALUES('vrxtch95przimpjt05i8uq3mncq3jyg0','eyJzZWxlY3RlZF9oZXJvIjoiQXJhZ29ybiJ9:1tidJY:u5It_Oq294vVUaob1V0lYQtLqwqiVC5RGZotXaL-Z4Y','2025-02-27 17:47:52.906025');
INSERT INTO django_session VALUES('w84q87f50h8z62eafefdlovclfcs9dek','eyJzZWxlY3RlZF9jaGFyYWN0ZXJfaWQiOjUsIm9wcG9uZW50X2lkIjo2fQ:1tk2u1:60Ac9FHoP0E0X7hO7Fbg26UlbOzWCom0f1kAXvpMeDs','2025-03-03 15:19:21.992224');
CREATE TABLE IF NOT EXISTS "app_character" ("id" integer NOT NULL PRIMARY KEY AUTOINCREMENT, "name" varchar(100) NOT NULL, "is_main_character" bool NOT NULL, "is_antagonist" bool NOT NULL, "life_points" integer NOT NULL, "attacks" integer NOT NULL, "defense" integer NOT NULL, "quotes" text NOT NULL CHECK ((JSON_VALID("quotes") OR "quotes" IS NULL)), "race" varchar(100) NOT NULL, "secret_weapon" varchar(100) NULL, "special_ability" varchar(100) NULL);
INSERT INTO app_character VALUES(1,'Aragorn',1,0,100,10,5,'["This was the great watch tower of Amon."]','Human',NULL,NULL);
INSERT INTO app_character VALUES(2,'Legolas',1,0,100,10,5,'["The trees are speaking to each other."]','Human',NULL,NULL);
INSERT INTO app_character VALUES(3,'Gimli',1,0,100,10,5,'["I''ve heard enough! Shoot him! Stick an arrow in his gob!"]','Human',NULL,NULL);
INSERT INTO app_character VALUES(4,'Gandalf',1,0,100,10,5,'["You are soldiers of Gondor. No matter what comes through that gate you will stand your ground."]','Human',NULL,NULL);
INSERT INTO app_character VALUES(5,'Frodo',1,0,100,10,5,'["Smeagol, you must trust master. Follow me. Come on. Come. Come, Smeagol. Nice Smeagol. That''s it. Come on."]','Human',NULL,NULL);
INSERT INTO app_character VALUES(6,'Sauron',0,1,100,10,5,'["Error: Failed to fetch quotes. Status code: 500"]','Human',NULL,NULL);
INSERT INTO app_character VALUES(7,'Saruman',0,1,100,10,5,'[]','Human',NULL,NULL);
INSERT INTO app_character VALUES(8,'Nazgûl',0,1,100,10,5,'[]','Human',NULL,NULL);
INSERT INTO app_character VALUES(9,'Lurtz',0,1,100,10,5,'[]','Human',NULL,NULL);
INSERT INTO app_character VALUES(10,'Gollum',0,1,100,10,5,'[]','Human',NULL,NULL);
DELETE FROM sqlite_sequence;
INSERT INTO sqlite_sequence VALUES('django_migrations',24);
INSERT INTO sqlite_sequence VALUES('django_admin_log',0);
INSERT INTO sqlite_sequence VALUES('django_content_type',8);
INSERT INTO sqlite_sequence VALUES('auth_permission',32);
INSERT INTO sqlite_sequence VALUES('auth_group',0);
INSERT INTO sqlite_sequence VALUES('auth_user',0);
INSERT INTO sqlite_sequence VALUES('app_battleoutcome',106);
INSERT INTO sqlite_sequence VALUES('app_character',10);
CREATE UNIQUE INDEX "auth_group_permissions_group_id_permission_id_0cd325b0_uniq" ON "auth_group_permissions" ("group_id", "permission_id");
CREATE INDEX "auth_group_permissions_group_id_b120cbf9" ON "auth_group_permissions" ("group_id");
CREATE INDEX "auth_group_permissions_permission_id_84c5c92e" ON "auth_group_permissions" ("permission_id");
CREATE UNIQUE INDEX "auth_user_groups_user_id_group_id_94350c0c_uniq" ON "auth_user_groups" ("user_id", "group_id");
CREATE INDEX "auth_user_groups_user_id_6a12ed8b" ON "auth_user_groups" ("user_id");
CREATE INDEX "auth_user_groups_group_id_97559544" ON "auth_user_groups" ("group_id");
CREATE UNIQUE INDEX "auth_user_user_permissions_user_id_permission_id_14a6b632_uniq" ON "auth_user_user_permissions" ("user_id", "permission_id");
CREATE INDEX "auth_user_user_permissions_user_id_a95ead1b" ON "auth_user_user_permissions" ("user_id");
CREATE INDEX "auth_user_user_permissions_permission_id_1fbb5f2c" ON "auth_user_user_permissions" ("permission_id");
CREATE INDEX "django_admin_log_content_type_id_c4bce8eb" ON "django_admin_log" ("content_type_id");
CREATE INDEX "django_admin_log_user_id_c564eba6" ON "django_admin_log" ("user_id");
CREATE UNIQUE INDEX "django_content_type_app_label_model_76bd3d3b_uniq" ON "django_content_type" ("app_label", "model");
CREATE UNIQUE INDEX "auth_permission_content_type_id_codename_01ab375a_uniq" ON "auth_permission" ("content_type_id", "codename");
CREATE INDEX "auth_permission_content_type_id_2f476e4b" ON "auth_permission" ("content_type_id");
CREATE INDEX "django_session_expire_date_a5c62663" ON "django_session" ("expire_date");
COMMIT;
